Loan_ID,Gender,Married,Dependents,Education,Self_Employed,ApplicantIncome,CoapplicantIncome,LoanAmount,Loan_Amount_Term,Credit_History,Property_Area,TotalIncome,Loan_Status,Credit_Score,DTI,LTI,Risk_Category,Default_Probability
LP001015,Male,Yes,0,Graduate,No,5720,0,110.0,360.0,1.0,Urban,5720,Y,615,0.01922740779583989,19.227407795839888,Medium,0.43
LP001022,Male,Yes,1,Graduate,No,3076,1500,126.0,360.0,1.0,Urban,4576,Y,608,0.02752894909329255,27.52894909329255,Medium,0.44
LP001031,Male,Yes,2,Graduate,No,5000,1800,208.0,360.0,1.0,Urban,6800,Y,613,0.030583737685634466,30.583737685634464,Medium,0.43
LP001035,Male,Yes,2,Graduate,No,2340,2546,100.0,360.0,,Urban,4886,Y,456,0.02046245140167792,20.46245140167792,High,0.72
LP001051,Male,No,0,Not Graduate,No,3276,0,78.0,360.0,1.0,Urban,3276,Y,609,0.02380225816295392,23.802258162953922,Medium,0.44
LP001054,Male,Yes,0,Not Graduate,Yes,2165,3422,152.0,360.0,1.0,Urban,5587,Y,605,0.02720114531138153,27.20114531138153,Medium,0.45
LP001055,Female,No,1,Not Graduate,No,2226,0,59.0,360.0,1.0,Semiurban,2226,Y,606,0.026493039964077234,26.493039964077234,Medium,0.44
LP001056,Male,Yes,2,Not Graduate,No,3881,0,147.0,360.0,0.0,Rural,3881,N,460,0.03786707882534776,37.86707882534776,High,0.71
LP001059,Male,Yes,2,Graduate,,13633,0,280.0,240.0,1.0,Urban,13633,Y,637,0.020536893061463987,20.53689306146399,Medium,0.39
LP001067,Male,No,0,Not Graduate,No,2400,2400,123.0,360.0,1.0,Semiurban,4800,Y,606,0.025619662570297855,25.619662570297855,Medium,0.44
LP001078,Male,No,0,Not Graduate,No,3091,0,90.0,360.0,1.0,Urban,3091,Y,608,0.02910737386804657,29.107373868046572,Medium,0.44
LP001082,Male,Yes,1,Graduate,,2185,1516,162.0,360.0,1.0,Semiurban,3701,Y,606,0.04376012965964344,43.76012965964344,Medium,0.44
LP001083,Male,No,3+,Graduate,No,4166,0,40.0,180.0,,Urban,4166,Y,461,0.009599232061435085,9.599232061435085,High,0.71
LP001094,Male,Yes,2,Graduate,,12173,0,166.0,360.0,0.0,Semiurban,12173,N,483,0.013635616888450797,13.635616888450796,High,0.67
LP001096,Female,No,0,Graduate,No,4666,0,124.0,360.0,1.0,Semiurban,4666,Y,612,0.02656953074780373,26.56953074780373,Medium,0.43
LP001099,Male,No,1,Graduate,No,5667,0,131.0,360.0,1.0,Urban,5667,Y,615,0.023112208892025407,23.112208892025407,Medium,0.43
LP001105,Male,Yes,2,Graduate,No,4583,2916,200.0,360.0,1.0,Urban,7499,Y,612,0.02666666666666667,26.666666666666668,Medium,0.43
LP001107,Male,Yes,3+,Graduate,No,3786,333,126.0,360.0,1.0,Semiurban,4119,Y,610,0.03058252427184466,30.58252427184466,Medium,0.44
LP001108,Male,Yes,0,Graduate,No,9226,7916,300.0,360.0,1.0,Urban,17142,Y,625,0.017499854167881933,17.499854167881935,Medium,0.41
LP001115,Male,No,0,Graduate,No,1300,3470,100.0,180.0,1.0,Semiurban,4770,Y,603,0.020959966464053657,20.959966464053657,Medium,0.45
LP001121,Male,Yes,1,Not Graduate,No,1888,1620,48.0,360.0,1.0,Urban,3508,Y,605,0.013679110857794243,13.679110857794244,Medium,0.45
LP001124,Female,No,3+,Not Graduate,No,2083,0,28.0,180.0,1.0,Urban,2083,Y,605,0.013435700575815739,13.435700575815739,Medium,0.45
LP001128,,No,0,Graduate,No,3909,0,101.0,360.0,1.0,Urban,3909,Y,610,0.025831202046035805,25.831202046035806,Medium,0.44
LP001135,Female,No,0,Not Graduate,No,3765,0,125.0,360.0,1.0,Urban,3765,Y,610,0.03319171534784918,33.191715347849176,Medium,0.44
LP001149,Male,Yes,0,Graduate,No,5400,4380,290.0,360.0,1.0,Urban,9780,Y,614,0.029649320110418157,29.64932011041816,Medium,0.43
LP001153,Male,No,0,Graduate,No,0,24000,148.0,360.0,0.0,Rural,24000,N,450,0.006166409732927794,6.166409732927795,High,0.73
LP001163,Male,Yes,2,Graduate,No,4363,1250,140.0,360.0,,Urban,5613,Y,462,0.02493765586034913,24.93765586034913,High,0.71
LP001169,Male,Yes,0,Graduate,No,7500,3750,275.0,360.0,1.0,Urban,11250,Y,620,0.024442271798062395,24.442271798062393,Medium,0.42
LP001174,Male,Yes,0,Graduate,No,3772,833,57.0,360.0,,Semiurban,4605,Y,460,0.012375162831089883,12.375162831089883,High,0.71
LP001176,Male,No,0,Graduate,No,2942,2382,125.0,180.0,1.0,Urban,5324,Y,608,0.023474178403755867,23.474178403755868,Medium,0.44
LP001177,Female,No,0,Not Graduate,No,2478,0,75.0,360.0,1.0,Semiurban,2478,Y,606,0.030254134731746672,30.25413473174667,Medium,0.44
LP001183,Male,Yes,2,Graduate,No,6250,820,192.0,360.0,1.0,Urban,7070,Y,617,0.027153160797624098,27.1531607976241,Medium,0.42
LP001185,Male,No,0,Graduate,No,3268,1683,152.0,360.0,1.0,Semiurban,4951,Y,609,0.030694668820678513,30.694668820678515,Medium,0.44
LP001187,Male,Yes,0,Graduate,No,2783,2708,158.0,360.0,1.0,Urban,5491,Y,607,0.02876911871813547,28.76911871813547,Medium,0.44
LP001190,Male,Yes,0,Graduate,No,2740,1541,101.0,360.0,1.0,Urban,4281,Y,607,0.02358710882765063,23.58710882765063,Medium,0.44
LP001203,Male,No,0,Graduate,No,3150,0,176.0,360.0,0.0,Semiurban,3150,N,458,0.05585528403681371,55.85528403681371,High,0.71
LP001208,Male,Yes,2,Graduate,,7350,4029,185.0,180.0,1.0,Urban,11379,Y,620,0.01625659050966608,16.25659050966608,Medium,0.42
LP001210,Male,Yes,0,Graduate,Yes,2267,2792,90.0,360.0,1.0,Urban,5059,Y,606,0.017786561264822136,17.786561264822133,Medium,0.44
LP001211,Male,No,0,Graduate,Yes,5833,0,116.0,360.0,1.0,Urban,5833,Y,616,0.01988344189235516,19.883441892355158,Medium,0.43
LP001219,Male,No,0,Graduate,No,3643,1963,138.0,360.0,1.0,Urban,5606,Y,610,0.024612092027822365,24.612092027822364,Medium,0.44
LP001220,Male,Yes,0,Graduate,No,5629,818,100.0,360.0,1.0,Urban,6447,Y,615,0.015508684863523574,15.508684863523573,Medium,0.43
LP001221,Female,No,0,Graduate,No,3644,0,110.0,360.0,1.0,Urban,3644,Y,610,0.03017832647462277,30.17832647462277,Medium,0.44
LP001226,Male,Yes,0,Not Graduate,No,1750,2024,90.0,360.0,1.0,Semiurban,3774,Y,604,0.02384105960264901,23.841059602649008,Medium,0.45
LP001230,Male,No,0,Graduate,No,6500,2600,200.0,360.0,1.0,Semiurban,9100,Y,617,0.02197560707614548,21.97560707614548,Medium,0.42
LP001231,Female,No,0,Graduate,No,3666,0,84.0,360.0,1.0,Urban,3666,Y,610,0.02290700845377693,22.90700845377693,Medium,0.44
LP001232,Male,Yes,0,Graduate,No,4260,3900,185.0,,,Urban,8160,Y,461,0.022668790589388556,22.668790589388557,High,0.71
LP001237,Male,Yes,,Not Graduate,No,4163,1475,162.0,360.0,1.0,Urban,5638,Y,611,0.028728497960631316,28.72849796063132,Medium,0.43
LP001242,Male,No,0,Not Graduate,No,2356,1902,108.0,360.0,1.0,Semiurban,4258,Y,606,0.02535806527353839,25.35806527353839,Medium,0.44
LP001268,Male,No,0,Graduate,No,6792,3338,187.0,,1.0,Urban,10130,Y,618,0.018458197611292075,18.458197611292075,Medium,0.42
LP001270,Male,Yes,3+,Not Graduate,Yes,8000,250,187.0,360.0,1.0,Semiurban,8250,Y,622,0.02266391952490607,22.66391952490607,Medium,0.41
LP001284,Male,Yes,1,Graduate,No,2419,1707,124.0,360.0,1.0,Urban,4126,Y,606,0.030046038284468137,30.046038284468136,Medium,0.44
LP001287,,Yes,3+,Not Graduate,No,3500,833,120.0,360.0,1.0,Semiurban,4333,Y,609,0.02768804799261652,27.68804799261652,Medium,0.44
LP001291,Male,Yes,1,Graduate,No,3500,3077,160.0,360.0,1.0,Semiurban,6577,Y,609,0.024323502584372148,24.32350258437215,Medium,0.44
LP001298,Male,Yes,2,Graduate,No,4116,1000,30.0,180.0,1.0,Urban,5116,Y,611,0.00586281024037522,5.86281024037522,Medium,0.43
LP001312,Male,Yes,0,Not Graduate,Yes,5293,0,92.0,360.0,1.0,Urban,5293,Y,614,0.017378163959199094,17.378163959199092,Medium,0.43
LP001313,Male,No,0,Graduate,No,2750,0,130.0,360.0,0.0,Urban,2750,N,457,0.04725554343874955,47.25554343874955,High,0.71
LP001317,Female,No,0,Not Graduate,No,4402,0,130.0,360.0,1.0,Rural,4402,Y,612,0.0295253236429707,29.5253236429707,Medium,0.43
LP001321,Male,Yes,2,Graduate,No,3613,3539,134.0,180.0,1.0,Semiurban,7152,Y,609,0.018733398574024885,18.733398574024886,Medium,0.44
LP001323,Female,Yes,2,Graduate,No,2779,3664,176.0,360.0,0.0,Semiurban,6443,N,457,0.027312228429546864,27.312228429546867,High,0.71
LP001324,Male,Yes,3+,Graduate,No,4720,0,90.0,180.0,1.0,Semiurban,4720,Y,613,0.019063757678457954,19.063757678457954,Medium,0.43
LP001332,Male,Yes,0,Not Graduate,No,2415,1721,110.0,360.0,1.0,Semiurban,4136,Y,606,0.02658931592941745,26.589315929417452,Medium,0.44
LP001335,Male,Yes,0,Graduate,Yes,7016,292,125.0,360.0,1.0,Urban,7308,Y,619,0.017102202763715966,17.102202763715965,Medium,0.42
LP001338,Female,No,2,Graduate,No,4968,0,189.0,360.0,1.0,Semiurban,4968,Y,613,0.03803582209700141,38.03582209700141,Medium,0.43
LP001347,Female,No,0,Graduate,No,2101,1500,108.0,360.0,0.0,Rural,3601,N,455,0.029983342587451417,29.983342587451414,High,0.72
LP001348,Male,Yes,3+,Not Graduate,No,4490,0,125.0,360.0,1.0,Urban,4490,Y,612,0.027833444667112003,27.833444667112,Medium,0.43
LP001351,Male,Yes,0,Graduate,No,2917,3583,138.0,360.0,1.0,Semiurban,6500,Y,608,0.021227503461006,21.227503461006,Medium,0.44
LP001352,Male,Yes,0,Not Graduate,No,4700,0,135.0,360.0,0.0,Semiurban,4700,N,462,0.02871729419272495,28.717294192724953,High,0.71
LP001358,Male,Yes,0,Graduate,No,3445,0,130.0,360.0,0.0,Semiurban,3445,N,459,0.03772489843296576,37.72489843296576,High,0.71
LP001359,Male,Yes,0,Graduate,No,7666,0,187.0,360.0,1.0,Semiurban,7666,Y,621,0.024390243902439025,24.390243902439025,Medium,0.42
LP001361,Male,Yes,0,Graduate,No,2458,5105,188.0,360.0,0.0,Rural,7563,N,456,0.024854574299312534,24.85457429931253,High,0.72
LP001366,Female,No,,Graduate,No,3250,0,95.0,360.0,1.0,Semiurban,3250,Y,608,0.02922177791448785,29.22177791448785,Medium,0.44
LP001368,Male,No,0,Graduate,No,4463,0,65.0,360.0,1.0,Semiurban,4463,Y,612,0.014560931899641577,14.560931899641577,Medium,0.43
LP001375,Male,Yes,1,Graduate,,4083,1775,139.0,60.0,1.0,Urban,5858,Y,611,0.023724185014507595,23.724185014507594,Medium,0.43
LP001380,Male,Yes,0,Graduate,Yes,3900,2094,232.0,360.0,1.0,Rural,5994,Y,610,0.038698915763135944,38.69891576313594,Medium,0.44
LP001386,Male,Yes,0,Not Graduate,No,4750,3583,144.0,360.0,1.0,Semiurban,8333,Y,613,0.017278617710583154,17.278617710583152,Medium,0.43
LP001400,Male,No,0,Graduate,No,3583,3435,155.0,360.0,1.0,Urban,7018,Y,609,0.02208291779455763,22.08291779455763,Medium,0.44
LP001407,Male,Yes,0,Graduate,No,3189,2367,186.0,360.0,1.0,Urban,5556,Y,608,0.033471297462659706,33.471297462659706,Medium,0.44
LP001413,Male,No,0,Graduate,Yes,6356,0,50.0,360.0,1.0,Rural,6356,Y,617,0.007865345288658171,7.8653452886581725,Medium,0.42
LP001415,Male,Yes,1,Graduate,No,3413,4053,,360.0,1.0,Semiurban,7466,Y,609,,,Medium,0.44
LP001419,Female,Yes,0,Graduate,No,7950,0,185.0,360.0,1.0,Urban,7950,Y,621,0.02326751352031191,23.267513520311912,Medium,0.42
LP001420,Male,Yes,3+,Graduate,No,3829,1103,163.0,360.0,0.0,Urban,4932,N,460,0.03304277316034867,33.04277316034867,High,0.71
LP001428,Male,Yes,3+,Graduate,No,72529,0,360.0,360.0,1.0,Urban,72529,Y,800,0.004963463394457466,4.963463394457466,Low,0.09
LP001445,Male,Yes,2,Not Graduate,No,4136,0,149.0,480.0,0.0,Rural,4136,N,461,0.03601643703166546,36.01643703166546,High,0.71
LP001446,Male,Yes,0,Graduate,No,8449,0,257.0,360.0,1.0,Rural,8449,Y,623,0.030414201183431952,30.414201183431953,Medium,0.41
LP001450,Male,Yes,0,Graduate,No,4456,0,131.0,180.0,0.0,Semiurban,4456,N,462,0.029391967691272156,29.391967691272157,High,0.71
LP001452,Male,Yes,2,Graduate,No,4635,8000,102.0,180.0,1.0,Rural,12635,Y,612,0.008072174738841406,8.072174738841406,Medium,0.43
LP001455,Male,Yes,0,Graduate,No,3571,1917,135.0,360.0,1.0,Urban,5488,Y,609,0.024594643833120787,24.594643833120788,Medium,0.44
LP001466,Male,No,0,Graduate,No,3066,0,95.0,360.0,1.0,Semiurban,3066,Y,608,0.030974894033257254,30.974894033257254,Medium,0.44
LP001471,Male,No,2,Not Graduate,No,3235,2015,77.0,360.0,1.0,Semiurban,5250,Y,608,0.01466387354789564,14.663873547895639,Medium,0.44
LP001472,Female,No,0,Graduate,,5058,0,200.0,360.0,1.0,Rural,5058,Y,613,0.0395335046451868,39.533504645186795,Medium,0.43
LP001475,Male,Yes,0,Graduate,Yes,3188,2286,130.0,360.0,,Rural,5474,Y,458,0.023744292237442923,23.744292237442924,High,0.71
LP001483,Male,Yes,3+,Graduate,No,13518,0,390.0,360.0,1.0,Rural,13518,Y,637,0.028848287595236333,28.848287595236336,Medium,0.39
LP001486,Male,Yes,1,Graduate,No,4364,2500,185.0,360.0,1.0,Semiurban,6864,Y,612,0.026948288419519302,26.9482884195193,Medium,0.43
LP001490,Male,Yes,2,Not Graduate,No,4766,1646,100.0,360.0,1.0,Semiurban,6412,Y,613,0.01559332605644784,15.59332605644784,Medium,0.43
LP001496,Male,Yes,1,Graduate,No,4609,2333,123.0,360.0,0.0,Semiurban,6942,N,462,0.01771568486245139,17.71568486245139,High,0.71
LP001499,Female,Yes,3+,Graduate,No,6260,0,110.0,360.0,1.0,Semiurban,6260,Y,617,0.01756907842197732,17.56907842197732,Medium,0.42
LP001500,Male,Yes,1,Graduate,No,3333,4200,256.0,360.0,1.0,Urban,7533,Y,609,0.03397929386779931,33.979293867799306,Medium,0.44
LP001501,Male,Yes,0,Graduate,No,3500,3250,140.0,360.0,1.0,Semiurban,6750,Y,609,0.02073766849355651,20.73766849355651,Medium,0.44
LP001517,Male,Yes,3+,Graduate,No,9719,0,61.0,360.0,1.0,Urban,9719,Y,626,0.006275720164609053,6.275720164609053,Medium,0.41
LP001527,Male,Yes,3+,Graduate,No,6835,0,188.0,360.0,,Semiurban,6835,Y,468,0.027501462843768285,27.501462843768287,High,0.69
LP001534,Male,No,0,Graduate,No,4452,0,131.0,360.0,1.0,Rural,4452,Y,612,0.02941836963844599,29.41836963844599,Medium,0.43
LP001542,Female,Yes,0,Graduate,No,2262,0,,480.0,0.0,Semiurban,2262,N,456,,,High,0.72
LP001547,Male,Yes,1,Graduate,No,3901,0,116.0,360.0,1.0,Urban,3901,Y,610,0.02972834443874936,29.72834443874936,Medium,0.44
LP001548,Male,Yes,2,Not Graduate,No,2687,0,50.0,180.0,1.0,Rural,2687,Y,607,0.018601190476190476,18.601190476190474,Medium,0.44
LP001558,Male,No,0,Graduate,No,2243,2233,107.0,360.0,,Semiurban,4476,Y,456,0.02389993299084208,23.899932990842082,High,0.72
LP001561,Female,Yes,0,Graduate,No,3417,1287,200.0,360.0,1.0,Semiurban,4704,Y,609,0.04250797024442083,42.50797024442083,Medium,0.44
LP001563,,No,0,Graduate,No,1596,1760,119.0,360.0,0.0,Urban,3356,N,454,0.03544831694965743,35.44831694965743,High,0.72
LP001567,Male,Yes,3+,Graduate,No,4513,0,120.0,360.0,1.0,Rural,4513,Y,612,0.02658396101019052,26.583961010190517,Medium,0.43
LP001568,Male,Yes,0,Graduate,No,4500,0,140.0,360.0,1.0,Semiurban,4500,Y,612,0.03110419906687403,31.104199066874028,Medium,0.43
LP001573,Male,Yes,0,Not Graduate,No,4523,1350,165.0,360.0,1.0,Urban,5873,Y,612,0.028089887640449437,28.089887640449437,Medium,0.43
LP001584,Female,No,0,Graduate,Yes,4742,0,108.0,360.0,1.0,Semiurban,4742,Y,613,0.022770398481973434,22.770398481973434,Medium,0.43
LP001587,Male,Yes,,Graduate,No,4082,0,93.0,360.0,1.0,Semiurban,4082,Y,611,0.022777369581190303,22.7773695811903,Medium,0.43
LP001589,Female,No,0,Graduate,No,3417,0,102.0,360.0,1.0,Urban,3417,Y,609,0.02984201287302516,29.842012873025162,Medium,0.44
LP001591,Female,Yes,2,Graduate,No,2922,3396,122.0,360.0,1.0,Semiurban,6318,Y,608,0.019306852350055387,19.30685235005539,Medium,0.44
LP001599,Male,Yes,0,Graduate,No,4167,4754,160.0,360.0,1.0,Rural,8921,Y,611,0.017933198834342075,17.933198834342075,Medium,0.43
LP001601,Male,No,3+,Graduate,No,4243,4123,157.0,360.0,,Semiurban,8366,Y,461,0.018764192661646948,18.764192661646945,High,0.71
LP001607,Female,No,0,Not Graduate,No,0,1760,180.0,360.0,1.0,Semiurban,1760,Y,600,0.10221465076660988,102.21465076660988,High,0.45
LP001611,Male,Yes,1,Graduate,No,1516,2900,80.0,,0.0,Rural,4416,N,454,0.01811184061580258,18.11184061580258,High,0.72
LP001613,Female,No,0,Graduate,No,1762,2666,104.0,360.0,0.0,Urban,4428,N,454,0.023481598554978552,23.48159855497855,High,0.72
LP001622,Male,Yes,2,Graduate,No,724,3510,213.0,360.0,0.0,Rural,4234,N,451,0.050295159386068475,50.29515938606848,High,0.73
LP001627,Male,No,0,Graduate,No,3125,0,65.0,360.0,1.0,Urban,3125,Y,608,0.020793346129238645,20.793346129238643,Medium,0.44
LP001650,Male,Yes,0,Graduate,No,2333,3803,146.0,360.0,1.0,Rural,6136,Y,606,0.023790125468469935,23.790125468469938,Medium,0.44
LP001651,Male,Yes,3+,Graduate,No,3350,1560,135.0,360.0,1.0,Urban,4910,Y,609,0.02748930971288943,27.489309712889433,Medium,0.44
LP001652,Male,No,0,Graduate,No,2500,6414,187.0,360.0,0.0,Rural,8914,N,456,0.020975883342680874,20.975883342680874,High,0.72
LP001655,Female,No,0,Graduate,No,12500,0,300.0,360.0,0.0,Urban,12500,N,484,0.023998080153587713,23.99808015358771,High,0.67
LP001660,Male,No,0,Graduate,No,4667,0,120.0,360.0,1.0,Semiurban,4667,Y,612,0.02570694087403599,25.70694087403599,Medium,0.43
LP001662,Male,No,0,Graduate,No,6500,0,71.0,360.0,0.0,Urban,6500,N,467,0.010921396708198739,10.921396708198738,High,0.7
LP001663,Male,Yes,2,Graduate,No,7500,0,225.0,360.0,1.0,Urban,7500,Y,620,0.02999600053326223,29.996000533262233,Medium,0.42
LP001667,Male,No,0,Graduate,No,3073,0,70.0,180.0,1.0,Urban,3073,Y,608,0.02277163305139883,22.77163305139883,Medium,0.44
LP001695,Male,Yes,1,Not Graduate,No,3321,2088,70.0,,1.0,Semiurban,5409,Y,609,0.012939001848428836,12.939001848428836,Medium,0.44
LP001703,Male,Yes,0,Graduate,No,3333,1270,124.0,360.0,1.0,Urban,4603,Y,609,0.02693310165073849,26.93310165073849,Medium,0.44
LP001718,Male,No,0,Graduate,No,3391,0,132.0,360.0,1.0,Rural,3391,Y,609,0.03891509433962264,38.91509433962264,Medium,0.44
LP001728,Male,Yes,1,Graduate,Yes,3343,1517,105.0,360.0,1.0,Rural,4860,Y,609,0.02160049372557087,21.60049372557087,Medium,0.44
LP001735,Female,No,1,Graduate,No,3620,0,90.0,360.0,1.0,Urban,3620,Y,609,0.024855012427506214,24.855012427506214,Medium,0.44
LP001737,Male,No,0,Graduate,No,4000,0,83.0,84.0,1.0,Urban,4000,Y,611,0.02074481379655086,20.74481379655086,Medium,0.43
LP001739,Male,Yes,0,Graduate,No,4258,0,125.0,360.0,1.0,Urban,4258,Y,611,0.029349612585113878,29.349612585113878,Medium,0.43
LP001742,Male,Yes,2,Graduate,No,4500,0,147.0,360.0,1.0,Rural,4500,Y,612,0.03265940902021773,32.65940902021773,Medium,0.43
LP001757,Male,Yes,1,Graduate,No,2014,2925,120.0,360.0,1.0,Rural,4939,Y,605,0.024291497975708502,24.291497975708502,Medium,0.45
LP001769,,No,,Graduate,No,3333,1250,110.0,360.0,1.0,Semiurban,4583,Y,609,0.02399650959860384,23.99650959860384,Medium,0.44
LP001771,Female,No,3+,Graduate,No,4083,0,103.0,360.0,,Semiurban,4083,Y,461,0.025220372184133203,25.220372184133204,High,0.71
LP001785,Male,No,0,Graduate,No,4727,0,150.0,360.0,0.0,Rural,4727,N,463,0.031725888324873094,31.725888324873097,High,0.7
LP001787,Male,Yes,3+,Graduate,No,3089,2999,100.0,240.0,1.0,Rural,6088,Y,608,0.016423057973394647,16.423057973394645,Medium,0.44
LP001789,Male,Yes,3+,Not Graduate,,6794,528,139.0,360.0,0.0,Urban,7322,N,468,0.01898129182029223,18.98129182029223,High,0.69
LP001791,Male,Yes,0,Graduate,Yes,32000,0,550.0,360.0,,Semiurban,32000,Y,538,0.017186962907409144,17.186962907409143,High,0.57
LP001794,Male,Yes,2,Graduate,Yes,10890,0,260.0,12.0,1.0,Rural,10890,Y,630,0.023872922596639427,23.872922596639427,Medium,0.4
LP001797,Female,No,0,Graduate,No,12941,0,150.0,300.0,1.0,Urban,12941,Y,635,0.011590171534538712,11.590171534538712,Medium,0.39
LP001815,Male,No,0,Not Graduate,No,3276,0,90.0,360.0,1.0,Semiurban,3276,Y,609,0.0274641440341776,27.4641440341776,Medium,0.44
LP001817,Male,No,0,Not Graduate,Yes,8703,0,199.0,360.0,0.0,Rural,8703,N,473,0.022863051470588234,22.863051470588236,High,0.69
LP001818,Male,Yes,1,Graduate,No,4742,717,139.0,360.0,1.0,Semiurban,5459,Y,613,0.025457875457875458,25.457875457875456,Medium,0.43
LP001822,Male,No,0,Graduate,No,5900,0,150.0,360.0,1.0,Urban,5900,Y,616,0.02541942043721403,25.419420437214033,Medium,0.43
LP001827,Male,No,0,Graduate,No,3071,4309,180.0,360.0,1.0,Urban,7380,Y,608,0.02438693943910039,24.38693943910039,Medium,0.44
LP001831,Male,Yes,0,Graduate,No,2783,1456,113.0,360.0,1.0,Urban,4239,Y,607,0.026650943396226416,26.650943396226417,Medium,0.44
LP001842,Male,No,0,Graduate,No,5000,0,148.0,360.0,1.0,Rural,5000,Y,613,0.02959408118376325,29.594081183763247,Medium,0.43
LP001853,Male,Yes,1,Not Graduate,No,2463,2360,117.0,360.0,0.0,Urban,4823,N,456,0.024253731343283583,24.253731343283583,High,0.72
LP001855,Male,Yes,2,Graduate,No,4855,0,72.0,360.0,1.0,Rural,4855,Y,613,0.014827018121911038,14.827018121911038,Medium,0.43
LP001857,Male,No,0,Not Graduate,Yes,1599,2474,125.0,300.0,1.0,Semiurban,4073,Y,604,0.030682376043200784,30.682376043200787,Medium,0.45
LP001862,Male,Yes,2,Graduate,Yes,4246,4246,214.0,360.0,1.0,Urban,8492,Y,611,0.025197221241022017,25.197221241022017,Medium,0.43
LP001867,Male,Yes,0,Graduate,No,4333,2291,133.0,350.0,1.0,Rural,6624,Y,611,0.020075471698113207,20.07547169811321,Medium,0.43
LP001878,Male,No,1,Graduate,No,5823,2529,187.0,360.0,1.0,Semiurban,8352,Y,616,0.022387166287561357,22.387166287561357,Medium,0.43
LP001881,Male,Yes,0,Not Graduate,No,7895,0,143.0,360.0,1.0,Rural,7895,Y,621,0.018110435663627154,18.110435663627154,Medium,0.42
LP001886,Male,No,0,Graduate,No,4150,4256,209.0,360.0,1.0,Rural,8406,Y,611,0.024860235518020697,24.860235518020698,Medium,0.43
LP001906,Male,No,0,Graduate,,2964,0,84.0,360.0,0.0,Semiurban,2964,N,458,0.02833052276559865,28.33052276559865,High,0.71
LP001909,Male,No,0,Graduate,No,5583,0,116.0,360.0,1.0,Urban,5583,Y,615,0.020773638968481375,20.773638968481375,Medium,0.43
LP001911,Female,No,0,Graduate,No,2708,0,65.0,360.0,1.0,Rural,2708,Y,607,0.02399409376153562,23.994093761535623,Medium,0.44
LP001921,Male,No,1,Graduate,No,3180,2370,80.0,240.0,,Rural,5550,Y,458,0.014411817690506215,14.411817690506215,High,0.71
LP001923,Male,No,0,Not Graduate,No,2268,0,170.0,360.0,0.0,Semiurban,2268,N,456,0.0749228735125606,74.9228735125606,High,0.72
LP001933,Male,No,2,Not Graduate,No,1141,2017,120.0,360.0,0.0,Urban,3158,N,453,0.03798670465337132,37.98670465337132,High,0.72
LP001943,Male,Yes,0,Graduate,No,3042,3167,135.0,360.0,1.0,Urban,6209,Y,608,0.021739130434782608,21.73913043478261,Medium,0.44
LP001950,Female,Yes,3+,Graduate,,1750,2935,94.0,360.0,0.0,Semiurban,4685,N,454,0.020059752454118653,20.05975245411865,High,0.72
LP001959,Female,Yes,1,Graduate,No,3564,0,79.0,360.0,1.0,Rural,3564,Y,609,0.022159887798036466,22.159887798036465,Medium,0.44
LP001961,Female,No,0,Graduate,No,3958,0,110.0,360.0,1.0,Rural,3958,Y,610,0.027784794139934326,27.784794139934327,Medium,0.44
LP001973,Male,Yes,2,Not Graduate,No,4483,0,130.0,360.0,1.0,Rural,4483,Y,612,0.028991971454058876,28.991971454058877,Medium,0.43
LP001975,Male,Yes,0,Graduate,No,5225,0,143.0,360.0,1.0,Rural,5225,Y,614,0.02736318407960199,27.36318407960199,Medium,0.43
LP001979,Male,No,0,Graduate,No,3017,2845,159.0,180.0,0.0,Urban,5862,N,458,0.02711922224117346,27.11922224117346,High,0.71
LP001995,Male,Yes,0,Not Graduate,No,2431,1820,110.0,360.0,0.0,Rural,4251,N,456,0.025870178739416744,25.870178739416744,High,0.72
LP001999,Male,Yes,2,Graduate,,4912,4614,160.0,360.0,1.0,Rural,9526,Y,613,0.01679437388474861,16.79437388474861,Medium,0.43
LP002007,Male,Yes,2,Not Graduate,No,2500,3333,131.0,360.0,1.0,Urban,5833,Y,606,0.022454576619814877,22.45457661981488,Medium,0.44
LP002009,Female,No,0,Graduate,No,2918,0,65.0,360.0,,Rural,2918,Y,458,0.022267899965741692,22.26789996574169,High,0.71
LP002016,Male,Yes,2,Graduate,No,5128,0,143.0,360.0,1.0,Rural,5128,Y,614,0.027880678494833302,27.8806784948333,Medium,0.43
LP002017,Male,Yes,3+,Graduate,No,15312,0,187.0,360.0,,Urban,15312,Y,492,0.012211846143799386,12.211846143799386,High,0.65
LP002018,Male,Yes,2,Graduate,No,3958,2632,160.0,360.0,1.0,Semiurban,6590,Y,610,0.024275527234107117,24.275527234107116,Medium,0.44
LP002027,Male,Yes,0,Graduate,No,4334,2945,165.0,360.0,1.0,Semiurban,7279,Y,611,0.022664835164835164,22.664835164835164,Medium,0.43
LP002028,Male,Yes,2,Graduate,No,4358,0,110.0,360.0,1.0,Urban,4358,Y,612,0.025235145675613673,25.235145675613673,Medium,0.43
LP002042,Female,Yes,1,Graduate,No,4000,3917,173.0,360.0,1.0,Rural,7917,Y,611,0.021848951755493812,21.84895175549381,Medium,0.43
LP002045,Male,Yes,3+,Graduate,No,10166,750,150.0,,1.0,Urban,10916,Y,628,0.013740038472107722,13.740038472107722,Medium,0.4
LP002046,Male,Yes,0,Not Graduate,No,4483,0,135.0,360.0,,Semiurban,4483,Y,462,0.030107047279214986,30.107047279214985,High,0.71
LP002047,Male,Yes,2,Not Graduate,No,4521,1184,150.0,360.0,1.0,Semiurban,5705,Y,612,0.026288117770767613,26.288117770767613,Medium,0.43
LP002056,Male,Yes,2,Graduate,No,9167,0,235.0,360.0,1.0,Semiurban,9167,Y,625,0.025632635253054103,25.6326352530541,Medium,0.41
LP002057,Male,Yes,0,Not Graduate,No,13083,0,,360.0,1.0,Rural,13083,Y,636,,,Medium,0.39
LP002059,Male,Yes,2,Graduate,No,7874,3967,336.0,360.0,1.0,Rural,11841,Y,621,0.028373585542982603,28.373585542982603,Medium,0.42
LP002062,Female,Yes,1,Graduate,No,4333,0,132.0,84.0,1.0,Rural,4333,Y,611,0.030456852791878174,30.456852791878173,Medium,0.43
LP002064,Male,No,0,Graduate,No,4083,0,96.0,360.0,1.0,Urban,4083,Y,611,0.023506366307541625,23.506366307541626,Medium,0.43
LP002069,Male,Yes,2,Not Graduate,,3785,2912,180.0,360.0,0.0,Rural,6697,N,460,0.026873693639892504,26.873693639892505,High,0.71
LP002070,Male,Yes,3+,Not Graduate,No,2654,1998,128.0,360.0,0.0,Rural,4652,N,457,0.027509133892112615,27.509133892112615,High,0.71
LP002077,Male,Yes,1,Graduate,No,10000,2690,412.0,360.0,1.0,Semiurban,12690,Y,627,0.03246395083129777,32.46395083129777,Medium,0.41
LP002083,Male,No,0,Graduate,Yes,5833,0,116.0,360.0,1.0,Urban,5833,Y,616,0.01988344189235516,19.883441892355158,Medium,0.43
LP002090,Male,Yes,1,Graduate,No,4796,0,114.0,360.0,0.0,Semiurban,4796,N,463,0.023764853033145718,23.764853033145716,High,0.7
LP002096,Male,Yes,0,Not Graduate,No,2000,1600,115.0,360.0,1.0,Rural,3600,Y,605,0.03193557345181894,31.93557345181894,Medium,0.45
LP002099,Male,Yes,2,Graduate,No,2540,700,104.0,360.0,0.0,Urban,3240,N,457,0.032088861462511574,32.088861462511574,High,0.71
LP002102,Male,Yes,0,Graduate,Yes,1900,1442,88.0,360.0,1.0,Rural,3342,Y,605,0.026323661381992224,26.323661381992224,Medium,0.45
LP002105,Male,Yes,0,Graduate,Yes,8706,0,108.0,480.0,1.0,Rural,8706,Y,624,0.012403813024003675,12.403813024003675,Medium,0.41
LP002107,Male,Yes,3+,Not Graduate,No,2855,542,90.0,360.0,1.0,Urban,3397,Y,607,0.026486168334314303,26.486168334314304,Medium,0.44
LP002111,Male,Yes,,Graduate,No,3016,1300,100.0,360.0,,Urban,4316,Y,458,0.02316423442205235,23.164234422052353,High,0.71
LP002117,Female,Yes,0,Graduate,No,3159,2374,108.0,360.0,1.0,Semiurban,5533,Y,608,0.019515720997470183,19.515720997470183,Medium,0.44
LP002118,Female,No,0,Graduate,No,1937,1152,78.0,360.0,1.0,Semiurban,3089,Y,605,0.02524271844660194,25.24271844660194,Medium,0.45
LP002123,Male,Yes,0,Graduate,No,2613,2417,123.0,360.0,1.0,Semiurban,5030,Y,607,0.024448419797257006,24.448419797257007,Medium,0.44
LP002125,Male,Yes,1,Graduate,No,4960,2600,187.0,360.0,1.0,Semiurban,7560,Y,613,0.02473217828329586,24.73217828329586,Medium,0.43
LP002148,Male,Yes,1,Graduate,No,3074,1083,146.0,360.0,1.0,Semiurban,4157,Y,608,0.03511303511303511,35.11303511303511,Medium,0.44
LP002152,Female,No,0,Graduate,No,4213,0,80.0,360.0,1.0,Urban,4213,Y,611,0.018984337921214997,18.984337921214998,Medium,0.43
LP002165,,No,1,Not Graduate,No,2038,4027,100.0,360.0,1.0,Rural,6065,Y,605,0.016485328058028353,16.485328058028355,Medium,0.45
LP002167,Female,No,0,Graduate,No,2362,0,55.0,360.0,1.0,Urban,2362,Y,606,0.023275497249259414,23.275497249259416,Medium,0.44
LP002168,Male,No,0,Graduate,No,5333,2400,200.0,360.0,0.0,Rural,7733,N,464,0.025859839668994054,25.859839668994052,High,0.7
LP002172,Male,Yes,3+,Graduate,Yes,5384,0,150.0,360.0,1.0,Semiurban,5384,Y,614,0.027855153203342618,27.855153203342617,Medium,0.43
LP002176,Male,No,0,Graduate,No,5708,0,150.0,360.0,1.0,Rural,5708,Y,615,0.02627430373095113,26.27430373095113,Medium,0.43
LP002183,Male,Yes,0,Not Graduate,No,3754,3719,118.0,,1.0,Rural,7473,Y,610,0.01578806529301579,15.788065293015787,Medium,0.44
LP002184,Male,Yes,0,Not Graduate,No,2914,2130,150.0,300.0,1.0,Urban,5044,Y,608,0.02973240832507433,29.73240832507433,Medium,0.44
LP002186,Male,Yes,0,Not Graduate,No,2747,2458,118.0,36.0,1.0,Semiurban,5205,Y,607,0.02266615443718786,22.66615443718786,Medium,0.44
LP002192,Male,Yes,0,Graduate,No,7830,2183,212.0,360.0,1.0,Rural,10013,Y,621,0.021170361493908527,21.170361493908526,Medium,0.42
LP002195,Male,Yes,1,Graduate,Yes,3507,3148,212.0,360.0,1.0,Rural,6655,Y,609,0.031850961538461536,31.85096153846154,Medium,0.44
LP002208,Male,Yes,1,Graduate,No,3747,2139,125.0,360.0,1.0,Urban,5886,Y,610,0.02123322575165619,21.233225751656192,Medium,0.44
LP002212,Male,Yes,0,Graduate,No,2166,2166,108.0,360.0,,Urban,4332,Y,455,0.02492499423032541,24.92499423032541,High,0.72
LP002240,Male,Yes,0,Not Graduate,No,3500,2168,149.0,360.0,1.0,Rural,5668,Y,609,0.02628329511377668,26.28329511377668,Medium,0.44
LP002245,Male,Yes,2,Not Graduate,No,2896,0,80.0,480.0,1.0,Urban,2896,Y,607,0.027614773904038662,27.61477390403866,Medium,0.44
LP002253,Female,No,1,Graduate,No,5062,0,152.0,300.0,1.0,Rural,5062,Y,613,0.030021726249259334,30.02172624925933,Medium,0.43
LP002256,Female,No,2,Graduate,Yes,5184,0,187.0,360.0,0.0,Semiurban,5184,N,464,0.036065573770491806,36.0655737704918,High,0.7
LP002257,Female,No,0,Graduate,No,2545,0,74.0,360.0,1.0,Urban,2545,Y,607,0.029065200314218383,29.06520031421838,Medium,0.44
LP002264,Male,Yes,0,Graduate,No,2553,1768,102.0,360.0,1.0,Urban,4321,Y,607,0.023600185099490977,23.600185099490975,Medium,0.44
LP002270,Male,Yes,1,Graduate,No,3436,3809,100.0,360.0,1.0,Rural,7245,Y,609,0.01380071763731714,13.80071763731714,Medium,0.44
LP002279,Male,No,0,Graduate,No,2412,2755,130.0,360.0,1.0,Rural,5167,Y,606,0.025154798761609906,25.154798761609907,Medium,0.44
LP002286,Male,Yes,3+,Not Graduate,No,5180,0,125.0,360.0,0.0,Urban,5180,N,464,0.024126616483304383,24.12661648330438,High,0.7
LP002294,Male,No,0,Graduate,No,14911,14507,130.0,360.0,1.0,Semiurban,29418,Y,641,0.004418912947414936,4.418912947414936,Medium,0.38
LP002298,,No,0,Graduate,Yes,2860,2988,138.0,360.0,1.0,Urban,5848,Y,607,0.0235937767139682,23.5937767139682,Medium,0.44
LP002306,Male,Yes,0,Graduate,No,1173,1594,28.0,180.0,1.0,Rural,2767,Y,603,0.010115606936416185,10.115606936416185,Medium,0.45
LP002310,Female,No,1,Graduate,No,7600,0,92.0,360.0,1.0,Semiurban,7600,Y,620,0.012103670569661886,12.103670569661887,Medium,0.42
LP002311,Female,Yes,0,Graduate,No,2157,1788,104.0,360.0,1.0,Urban,3945,Y,605,0.026355803345159655,26.355803345159654,Medium,0.45
LP002316,Male,No,0,Graduate,No,2231,2774,176.0,360.0,0.0,Urban,5005,N,456,0.0351578106272473,35.1578106272473,High,0.72
LP002321,Female,No,0,Graduate,No,2274,5211,117.0,360.0,0.0,Semiurban,7485,N,456,0.015629174458990116,15.629174458990114,High,0.72
LP002325,Male,Yes,2,Not Graduate,No,6166,13983,102.0,360.0,1.0,Rural,20149,Y,617,0.005062034739454094,5.062034739454094,Medium,0.42
LP002326,Male,Yes,2,Not Graduate,No,2513,1110,107.0,360.0,1.0,Semiurban,3623,Y,606,0.029525386313465785,29.525386313465784,Medium,0.44
LP002329,Male,No,0,Graduate,No,4333,0,66.0,480.0,1.0,Urban,4333,Y,611,0.015228426395939087,15.228426395939087,Medium,0.43
LP002333,Male,No,0,Not Graduate,No,3844,0,105.0,360.0,1.0,Urban,3844,Y,610,0.027308192457737322,27.30819245773732,Medium,0.44
LP002339,Male,Yes,0,Graduate,No,3887,1517,105.0,360.0,0.0,Semiurban,5404,N,460,0.01942645698427382,19.42645698427382,High,0.71
LP002344,Male,Yes,0,Graduate,No,3510,828,105.0,360.0,1.0,Semiurban,4338,Y,609,0.024199124222171006,24.199124222171008,Medium,0.44
LP002346,Male,Yes,0,Graduate,,2539,1704,125.0,360.0,0.0,Rural,4243,N,457,0.02945334590009425,29.453345900094252,High,0.71
LP002354,Female,No,0,Not Graduate,No,2107,0,64.0,360.0,1.0,Semiurban,2107,Y,605,0.030360531309297913,30.36053130929791,Medium,0.45
LP002355,,Yes,0,Graduate,No,3186,3145,150.0,180.0,0.0,Semiurban,6331,N,458,0.023689197725837018,23.68919772583702,High,0.71
LP002358,Male,Yes,2,Graduate,Yes,5000,2166,150.0,360.0,1.0,Urban,7166,Y,613,0.020929259104227712,20.92925910422771,Medium,0.43
LP002360,Male,Yes,,Graduate,No,10000,0,,360.0,1.0,Urban,10000,Y,627,,,Medium,0.41
LP002375,Male,Yes,0,Not Graduate,Yes,3943,0,64.0,360.0,1.0,Semiurban,3943,Y,610,0.016227180527383367,16.227180527383368,Medium,0.44
LP002376,Male,No,0,Graduate,No,2925,0,40.0,180.0,1.0,Rural,2925,Y,608,0.01367053998632946,13.67053998632946,Medium,0.44
LP002383,Male,Yes,3+,Graduate,No,3242,437,142.0,480.0,0.0,Urban,3679,N,458,0.03858695652173913,38.58695652173913,High,0.71
LP002385,Male,Yes,,Graduate,No,3863,0,70.0,300.0,1.0,Semiurban,3863,Y,610,0.018115942028985508,18.115942028985508,Medium,0.44
LP002389,Female,No,1,Graduate,No,4028,0,131.0,360.0,1.0,Semiurban,4028,Y,611,0.03251427153139737,32.51427153139737,Medium,0.43
LP002394,Male,Yes,2,Graduate,No,4010,1025,120.0,360.0,1.0,Urban,5035,Y,611,0.023828435266084195,23.828435266084195,Medium,0.43
LP002397,Female,Yes,1,Graduate,No,3719,1585,114.0,360.0,1.0,Urban,5304,Y,610,0.021489161168708765,21.489161168708765,Medium,0.44
LP002399,Male,No,0,Graduate,,2858,0,123.0,360.0,0.0,Rural,2858,N,457,0.04302203567681007,43.02203567681007,High,0.71
LP002400,Female,Yes,0,Graduate,No,3833,0,92.0,360.0,1.0,Rural,3833,Y,610,0.023995826812728223,23.99582681272822,Medium,0.44
LP002402,Male,Yes,0,Graduate,No,3333,4288,160.0,360.0,1.0,Urban,7621,Y,609,0.020991865652059828,20.991865652059825,Medium,0.44
LP002412,Male,Yes,0,Graduate,No,3007,3725,151.0,360.0,1.0,Rural,6732,Y,608,0.022426852814495767,22.426852814495767,Medium,0.44
LP002415,Female,No,1,Graduate,,1850,4583,81.0,360.0,,Rural,6433,Y,455,0.01258936897730805,12.589368977308052,High,0.72
LP002417,Male,Yes,3+,Not Graduate,No,2792,2619,171.0,360.0,1.0,Semiurban,5411,Y,607,0.03159645232815964,31.596452328159646,Medium,0.44
LP002420,Male,Yes,0,Graduate,No,2982,1550,110.0,360.0,1.0,Semiurban,4532,Y,608,0.0242664901831017,24.2664901831017,Medium,0.44
LP002425,Male,No,0,Graduate,No,3417,738,100.0,360.0,,Rural,4155,Y,459,0.02406159769008662,24.06159769008662,High,0.71
LP002433,Male,Yes,1,Graduate,No,18840,0,234.0,360.0,1.0,Rural,18840,Y,651,0.012419722944642005,12.419722944642004,Medium,0.36
LP002440,Male,Yes,2,Graduate,No,2995,1120,184.0,360.0,1.0,Rural,4115,Y,608,0.04470359572400389,44.70359572400389,Medium,0.44
LP002441,Male,No,,Graduate,No,3579,3308,138.0,360.0,,Semiurban,6887,Y,459,0.02003484320557491,20.034843205574912,High,0.71
LP002442,Female,Yes,1,Not Graduate,No,3835,1400,112.0,480.0,0.0,Urban,5235,N,460,0.0213903743315508,21.390374331550802,High,0.71
LP002445,Female,No,1,Not Graduate,No,3854,3575,117.0,360.0,1.0,Rural,7429,Y,610,0.015746971736204575,15.746971736204577,Medium,0.44
LP002450,Male,Yes,2,Graduate,No,5833,750,49.0,360.0,0.0,Rural,6583,N,466,0.00744228432563791,7.44228432563791,High,0.7
LP002471,Male,No,0,Graduate,No,3508,0,99.0,360.0,1.0,Rural,3508,Y,609,0.02821316614420063,28.213166144200628,Medium,0.44
LP002476,Female,Yes,3+,Not Graduate,No,1635,2444,99.0,360.0,1.0,Urban,4079,Y,604,0.02426470588235294,24.264705882352942,Medium,0.45
LP002482,Female,No,0,Graduate,Yes,3333,3916,212.0,360.0,1.0,Rural,7249,Y,609,0.029241379310344828,29.24137931034483,Medium,0.44
LP002485,Male,No,1,Graduate,No,24797,0,240.0,360.0,1.0,Semiurban,24797,Y,668,0.009678199854827003,9.678199854827001,Medium,0.33
LP002495,Male,Yes,2,Graduate,No,5667,440,130.0,360.0,0.0,Semiurban,6107,N,465,0.021283562540929928,21.28356254092993,High,0.7
LP002496,Female,No,0,Graduate,No,3500,0,94.0,360.0,0.0,Semiurban,3500,N,459,0.0268494715795487,26.849471579548702,High,0.71
LP002523,Male,Yes,3+,Graduate,No,2773,1497,108.0,360.0,1.0,Semiurban,4270,Y,607,0.02528681807539218,25.28681807539218,Medium,0.44
LP002542,Male,Yes,0,Graduate,,6500,0,144.0,360.0,1.0,Urban,6500,Y,617,0.022150438394093218,22.150438394093218,Medium,0.42
LP002550,Female,No,0,Graduate,No,5769,0,110.0,180.0,1.0,Semiurban,5769,Y,615,0.019064124783362217,19.064124783362217,Medium,0.43
LP002551,Male,Yes,3+,Not Graduate,,3634,910,176.0,360.0,0.0,Semiurban,4544,N,460,0.03872387238723873,38.72387238723872,High,0.71
LP002553,,No,0,Graduate,No,29167,0,185.0,360.0,1.0,Semiurban,29167,Y,680,0.006342567196928141,6.34256719692814,Medium,0.31
LP002554,Male,No,0,Graduate,No,2166,2057,122.0,360.0,1.0,Semiurban,4223,Y,605,0.028882575757575756,28.882575757575758,Medium,0.45
LP002561,Male,Yes,0,Graduate,No,5000,0,126.0,360.0,1.0,Rural,5000,Y,613,0.02519496100779844,25.19496100779844,Medium,0.43
LP002566,Female,No,0,Graduate,No,5530,0,135.0,360.0,,Urban,5530,Y,465,0.024407882842162356,24.40788284216236,High,0.7
LP002568,Male,No,0,Not Graduate,No,9000,0,122.0,360.0,1.0,Rural,9000,Y,624,0.013554049550049994,13.554049550049994,Medium,0.41
LP002570,Female,Yes,2,Graduate,No,10000,11666,460.0,360.0,1.0,Urban,21666,Y,627,0.02123044260857525,21.230442608575252,Medium,0.41
LP002572,Male,Yes,1,Graduate,,8750,0,297.0,360.0,1.0,Urban,8750,Y,624,0.03393897840246829,33.93897840246829,Medium,0.41
LP002581,Male,Yes,0,Not Graduate,No,2157,2730,140.0,360.0,,Rural,4887,Y,455,0.028641571194762683,28.641571194762683,High,0.72
LP002584,Male,No,0,Graduate,,1972,4347,106.0,360.0,1.0,Rural,6319,Y,605,0.016772151898734176,16.772151898734176,Medium,0.45
LP002592,Male,No,0,Graduate,No,4983,0,141.0,360.0,1.0,Urban,4983,Y,613,0.028290529695024078,28.290529695024077,Medium,0.43
LP002593,Male,Yes,1,Graduate,No,8333,4000,,360.0,1.0,Urban,12333,Y,622,,,Medium,0.41
LP002599,Male,Yes,0,Graduate,No,3667,2000,170.0,360.0,1.0,Semiurban,5667,Y,610,0.029992942836979536,29.992942836979534,Medium,0.44
LP002604,Male,Yes,2,Graduate,No,3166,2833,145.0,360.0,1.0,Urban,5999,Y,608,0.024166666666666666,24.166666666666668,Medium,0.44
LP002605,Male,No,0,Not Graduate,No,3271,0,90.0,360.0,1.0,Rural,3271,Y,609,0.02750611246943765,27.506112469437653,Medium,0.44
LP002609,Female,Yes,0,Graduate,No,2241,2000,88.0,360.0,0.0,Urban,4241,N,456,0.020744931636020744,20.744931636020745,High,0.72
LP002610,Male,Yes,1,Not Graduate,,1792,2565,128.0,360.0,1.0,Urban,4357,Y,604,0.029371271225332722,29.37127122533272,Medium,0.45
LP002612,Female,Yes,0,Graduate,No,2666,0,84.0,480.0,1.0,Semiurban,2666,Y,607,0.031496062992125984,31.496062992125985,Medium,0.44
LP002614,,No,0,Graduate,No,6478,0,108.0,360.0,1.0,Semiurban,6478,Y,617,0.016669239080104953,16.669239080104955,Medium,0.42
LP002630,Male,No,0,Not Graduate,,3808,0,83.0,360.0,1.0,Rural,3808,Y,610,0.02179049619322657,21.79049619322657,Medium,0.44
LP002635,Female,Yes,2,Not Graduate,No,3729,0,117.0,360.0,1.0,Semiurban,3729,Y,610,0.03136729222520107,31.367292225201073,Medium,0.44
LP002639,Male,Yes,2,Graduate,No,4120,0,128.0,360.0,1.0,Rural,4120,Y,611,0.031060422227614657,31.060422227614655,Medium,0.43
LP002644,Male,Yes,1,Graduate,Yes,7500,0,75.0,360.0,1.0,Urban,7500,Y,620,0.009998666844420743,9.998666844420743,Medium,0.42
LP002651,Male,Yes,1,Graduate,,6300,0,125.0,360.0,0.0,Urban,6300,N,467,0.01983812093318521,19.83812093318521,High,0.7
LP002654,Female,No,,Graduate,Yes,14987,0,177.0,360.0,1.0,Rural,14987,Y,641,0.011809447558046438,11.809447558046438,Medium,0.38
LP002657,,Yes,1,Not Graduate,Yes,570,2125,68.0,360.0,1.0,Rural,2695,Y,601,0.025222551928783383,25.222551928783382,Medium,0.45
LP002711,Male,Yes,0,Graduate,No,2600,700,96.0,360.0,1.0,Semiurban,3300,Y,607,0.02908209633444411,29.082096334444106,Medium,0.44
LP002712,Male,No,2,Not Graduate,No,2733,1083,180.0,360.0,,Semiurban,3816,Y,457,0.04715745349751113,47.157453497511135,High,0.71
LP002721,Male,Yes,2,Graduate,Yes,7500,0,183.0,360.0,1.0,Rural,7500,Y,620,0.024396747100386616,24.396747100386616,Medium,0.42
LP002735,Male,Yes,2,Not Graduate,No,3859,0,121.0,360.0,1.0,Rural,3859,Y,610,0.031347150259067355,31.34715025906736,Medium,0.44
LP002744,Male,Yes,1,Graduate,No,6825,0,162.0,360.0,1.0,Rural,6825,Y,618,0.023732786404922355,23.732786404922354,Medium,0.42
LP002745,Male,Yes,0,Graduate,No,3708,4700,132.0,360.0,1.0,Semiurban,8408,Y,610,0.01569746699964324,15.69746699964324,Medium,0.44
LP002746,Male,No,0,Graduate,No,5314,0,147.0,360.0,1.0,Urban,5314,Y,614,0.027657572906867357,27.657572906867358,Medium,0.43
LP002747,Female,No,3+,Graduate,No,2366,5272,153.0,360.0,0.0,Rural,7638,N,456,0.020028799581097004,20.028799581097,High,0.72
LP002754,Male,No,,Graduate,No,2066,2108,104.0,84.0,1.0,Urban,4174,Y,605,0.024910179640718563,24.910179640718564,Medium,0.45
LP002759,Male,Yes,2,Graduate,No,5000,0,149.0,360.0,1.0,Rural,5000,Y,613,0.02979404119176165,29.794041191761647,Medium,0.43
LP002760,Female,No,0,Graduate,No,3767,0,134.0,300.0,1.0,Urban,3767,Y,610,0.03556263269639066,35.56263269639066,Medium,0.44
LP002766,Female,Yes,0,Graduate,No,7859,879,165.0,180.0,1.0,Semiurban,8738,Y,621,0.01888087881908685,18.880878819086853,Medium,0.42
LP002769,Female,Yes,0,Graduate,No,4283,0,120.0,360.0,1.0,Rural,4283,Y,611,0.028011204481792718,28.011204481792717,Medium,0.43
LP002774,Male,Yes,0,Not Graduate,No,1700,2900,67.0,360.0,0.0,Urban,4600,N,454,0.014562051727885243,14.562051727885242,High,0.72
LP002775,,No,0,Not Graduate,No,4768,0,125.0,360.0,1.0,Rural,4768,Y,613,0.02621094569092053,26.21094569092053,Medium,0.43
LP002781,Male,No,0,Graduate,No,3083,2738,120.0,360.0,1.0,Urban,5821,Y,608,0.020611473720371008,20.611473720371006,Medium,0.44
LP002782,Male,Yes,1,Graduate,No,2667,1542,148.0,360.0,1.0,Rural,4209,Y,607,0.03515439429928741,35.15439429928741,Medium,0.44
LP002786,Female,Yes,0,Not Graduate,No,1647,1762,181.0,360.0,1.0,Urban,3409,Y,604,0.0530791788856305,53.0791788856305,Medium,0.45
LP002790,Male,Yes,3+,Graduate,No,3400,0,80.0,120.0,1.0,Urban,3400,Y,609,0.023522493384298737,23.522493384298734,Medium,0.44
LP002791,Male,No,1,Graduate,,16000,5000,40.0,360.0,1.0,Semiurban,21000,Y,644,0.0019046712061330413,1.9046712061330413,Medium,0.37
LP002793,Male,Yes,0,Graduate,No,5333,0,90.0,360.0,1.0,Rural,5333,Y,614,0.01687289088863892,16.87289088863892,Medium,0.43
LP002802,Male,No,0,Graduate,No,2875,2416,95.0,6.0,0.0,Semiurban,5291,N,457,0.017951625094482237,17.95162509448224,High,0.71
LP002803,Male,Yes,1,Not Graduate,,2600,618,122.0,360.0,1.0,Semiurban,3218,Y,607,0.037899968934451696,37.89996893445169,Medium,0.44
LP002805,Male,Yes,2,Graduate,No,5041,700,150.0,360.0,1.0,Urban,5741,Y,613,0.02612330198537095,26.12330198537095,Medium,0.43
LP002806,Male,Yes,3+,Graduate,Yes,6958,1411,150.0,360.0,1.0,Rural,8369,Y,619,0.017921146953405017,17.921146953405017,Medium,0.42
LP002816,Male,Yes,1,Graduate,No,3500,1658,104.0,360.0,,Semiurban,5158,Y,459,0.02015894553207986,20.158945532079862,High,0.71
LP002823,Male,Yes,0,Graduate,No,5509,0,143.0,360.0,1.0,Rural,5509,Y,615,0.025952813067150634,25.952813067150636,Medium,0.43
LP002825,Male,Yes,3+,Graduate,No,9699,0,300.0,360.0,1.0,Urban,9699,Y,626,0.030927835051546393,30.927835051546392,Medium,0.41
LP002826,Female,Yes,1,Not Graduate,No,3621,2717,171.0,360.0,1.0,Urban,6338,Y,609,0.026975863700899196,26.975863700899197,Medium,0.44
LP002843,Female,Yes,0,Graduate,No,4709,0,113.0,360.0,1.0,Semiurban,4709,Y,612,0.02399150743099788,23.991507430997878,Medium,0.43
LP002849,Male,Yes,0,Graduate,No,1516,1951,35.0,360.0,1.0,Semiurban,3467,Y,604,0.010092272202998846,10.092272202998847,Medium,0.45
LP002850,Male,No,2,Graduate,No,2400,0,46.0,360.0,1.0,Urban,2400,Y,606,0.019158683881715953,19.15868388171595,Medium,0.44
LP002853,Female,No,0,Not Graduate,No,3015,2000,145.0,360.0,,Urban,5015,Y,458,0.02890749601275917,28.90749601275917,High,0.71
LP002856,Male,Yes,0,Graduate,No,2292,1558,119.0,360.0,1.0,Urban,3850,Y,606,0.030901064658530254,30.901064658530252,Medium,0.44
LP002857,Male,Yes,1,Graduate,Yes,2360,3355,87.0,240.0,1.0,Rural,5715,Y,606,0.015220433869839048,15.220433869839049,Medium,0.44
LP002858,Female,No,0,Graduate,No,4333,2333,162.0,360.0,0.0,Rural,6666,N,461,0.024298785060746963,24.29878506074696,High,0.71
LP002860,Male,Yes,0,Graduate,Yes,2623,4831,122.0,180.0,1.0,Semiurban,7454,Y,607,0.01636485580147552,16.36485580147552,Medium,0.44
LP002867,Male,No,0,Graduate,Yes,3972,4275,187.0,360.0,1.0,Rural,8247,Y,610,0.0226721629485936,22.6721629485936,Medium,0.44
LP002869,Male,Yes,3+,Not Graduate,No,3522,0,81.0,180.0,1.0,Rural,3522,Y,609,0.022991768379222254,22.991768379222254,Medium,0.44
LP002870,Male,Yes,1,Graduate,No,4700,0,80.0,360.0,1.0,Urban,4700,Y,612,0.017017655817911082,17.017655817911084,Medium,0.43
LP002876,Male,No,0,Graduate,No,6858,0,176.0,360.0,1.0,Rural,6858,Y,618,0.02565971715993585,25.659717159935852,Medium,0.42
LP002878,Male,Yes,3+,Graduate,No,8334,0,260.0,360.0,1.0,Urban,8334,Y,622,0.03119376124775045,31.19376124775045,Medium,0.41
LP002879,Male,Yes,0,Graduate,No,3391,1966,133.0,360.0,0.0,Rural,5357,N,459,0.024822695035460994,24.822695035460992,High,0.71
LP002885,Male,No,0,Not Graduate,No,2868,0,70.0,360.0,1.0,Urban,2868,Y,607,0.024398745207389334,24.398745207389336,Medium,0.44
LP002890,Male,Yes,2,Not Graduate,No,3418,1380,135.0,360.0,1.0,Urban,4798,Y,609,0.028130860595957492,28.13086059595749,Medium,0.44
LP002891,Male,Yes,0,Graduate,Yes,2500,296,137.0,300.0,1.0,Rural,2796,Y,606,0.04898105112620665,48.98105112620665,Medium,0.44
LP002899,Male,Yes,2,Graduate,No,8667,0,254.0,360.0,1.0,Rural,8667,Y,623,0.02930318412551915,29.303184125519152,Medium,0.41
LP002901,Male,No,0,Graduate,No,2283,15000,106.0,360.0,,Rural,17283,Y,456,0.0061328396204582275,6.132839620458228,High,0.72
LP002907,Male,Yes,0,Graduate,No,5817,910,109.0,360.0,1.0,Urban,6727,Y,616,0.016200951248513673,16.200951248513675,Medium,0.43
LP002920,Male,Yes,0,Graduate,No,5119,3769,120.0,360.0,1.0,Rural,8888,Y,614,0.01349983125210935,13.499831252109349,Medium,0.43
LP002921,Male,Yes,3+,Not Graduate,No,5316,187,158.0,180.0,0.0,Semiurban,5503,N,464,0.028706395348837208,28.70639534883721,High,0.7
LP002932,Male,Yes,3+,Graduate,No,7603,1213,197.0,360.0,1.0,Urban,8816,Y,620,0.02234320063513667,22.343200635136668,Medium,0.42
LP002935,Male,Yes,1,Graduate,No,3791,1936,85.0,360.0,1.0,Urban,5727,Y,610,0.014839385474860335,14.839385474860336,Medium,0.44
LP002952,Male,No,0,Graduate,No,2500,0,60.0,360.0,1.0,Urban,2500,Y,606,0.023990403838464614,23.990403838464616,Medium,0.44
LP002954,Male,Yes,2,Not Graduate,No,3132,0,76.0,360.0,,Rural,3132,Y,458,0.024257899776571976,24.257899776571975,High,0.71
LP002962,Male,No,0,Graduate,No,4000,2667,152.0,360.0,1.0,Semiurban,6667,Y,611,0.022795440911817635,22.795440911817636,Medium,0.43
LP002965,Female,Yes,0,Graduate,No,8550,4255,96.0,360.0,,Urban,12805,Y,473,0.007496486022177105,7.496486022177105,High,0.69
LP002969,Male,Yes,1,Graduate,No,2269,2167,99.0,360.0,1.0,Semiurban,4436,Y,606,0.02231237322515213,22.31237322515213,Medium,0.44
LP002971,Male,Yes,3+,Not Graduate,Yes,4009,1777,113.0,360.0,1.0,Urban,5786,Y,611,0.019526524969759807,19.526524969759805,Medium,0.43
LP002975,Male,Yes,0,Graduate,No,4158,709,115.0,360.0,1.0,Urban,4867,Y,611,0.02362366474938373,23.62366474938373,Medium,0.43
LP002980,Male,No,0,Graduate,No,3250,1993,126.0,360.0,,Semiurban,5243,Y,458,0.02402745995423341,24.02745995423341,High,0.71
LP002986,Male,Yes,0,Graduate,No,5000,2393,158.0,360.0,1.0,Rural,7393,Y,613,0.021368677305923723,21.368677305923722,Medium,0.43
LP002989,Male,No,0,Graduate,Yes,9200,0,98.0,180.0,1.0,Rural,9200,Y,625,0.010651016193891968,10.651016193891968,Medium,0.41
